model,accuracy,precision (macro),precision (micro),recall (macro),recall (micro),F1 (macro),F1 (micro)
resnet,0.8355448331322879,0.8461504343308295,0.8355448331322879,0.835577902223426,0.8355448331322879,0.8387064535798119,0.8355448331322879
resnet_modified,0.8910333735424206,0.9109182897365806,0.8910333735424206,0.8910512067067884,0.8910333735424206,0.8938997352134767,0.8910333735424206
effnet,0.8500201045436269,0.8596191857283224,0.8500201045436269,0.8500719921615174,0.8500201045436269,0.8508513800566303,0.8500201045436268
transformer,0.889827100924809,0.9154614139233676,0.889827100924809,0.8897762168965504,0.889827100924809,0.8926758535031383,0.889827100924809
