model,accuracy,precision (macro),precision (micro),recall (macro),recall (micro),F1 (macro),F1 (micro)
resnet,0.8657016485725774,0.8677756356771207,0.8657016485725774,0.8659032809041871,0.8657016485725774,0.8659110505190799,0.8657016485725774
resnet_modified,0.8797748291113792,0.906654086821876,0.8797748291113792,0.8797324266436717,0.8797748291113792,0.882942847022429,0.8797748291113792
effnet,0.8809811017289908,0.8867921095917224,0.8809811017289908,0.8812362753532561,0.8809811017289908,0.8789535354023237,0.8809811017289908
transformer,0.8910333735424206,0.9116416406391809,0.8910333735424206,0.8909780528460303,0.8910333735424206,0.8931851970908506,0.8910333735424206
