model,accuracy,precision (macro),precision (micro),recall (macro),recall (micro),F1 (macro),F1 (micro)
effnet,0.8516954831791984,0.8596729960323605,0.8516954831791984,0.8518056222149643,0.8516954831791984,0.8535277741262967,0.8516954831791984
resnet,0.8932448733413753,0.9168413037433317,0.8932448733413753,0.8931918726636016,0.8932448733413753,0.8958594892497954,0.8932448733413753
resnet_modified,0.8896260554885403,0.9106238019467927,0.8896260554885403,0.8896325824662631,0.8896260554885403,0.8922383074932928,0.8896260554885403
transformer,0.8620828307197427,0.8757176148948163,0.8620828307197427,0.8621519701202104,0.8620828307197427,0.8626718045759295,0.8620828307197427
