model,accuracy,precision (macro),precision (micro),recall (macro),recall (micro),F1 (macro),F1 (micro)
resnet,0.8492159227985525,0.8575963906766461,0.8492159227985525,0.8493411530628368,0.8492159227985525,0.8512758213309084,0.8492159227985525
resnet_modified,0.8908725371934058,0.9105901570159813,0.8908725371934058,0.8908901686389001,0.8908725371934058,0.893396963405016,0.8908725371934058
effnet,0.8628065942903096,0.8746017030047719,0.8628065942903096,0.8628958573141248,0.8628065942903096,0.8632057529842884,0.8628065942903096
transformer,0.8937675914756735,0.9159040252577503,0.8937675914756735,0.8937197833729638,0.8937675914756735,0.8963150739263543,0.8937675914756735
