model,accuracy,precision (macro),precision (micro),recall (macro),recall (micro),F1 (macro),F1 (micro)
resnet,0.8874145556895858,0.9075316549157348,0.8874145556895858,0.8874254023130428,0.8874145556895858,0.8901827784515988,0.8874145556895858
resnet_modified,0.8962605548854041,0.9090646109348061,0.8962605548854041,0.8962918062365326,0.8962605548854041,0.8992478337279265,0.8962605548854041
effnet,0.8459991958182549,0.8471827757568658,0.8459991958182549,0.8462415088083355,0.8459991958182549,0.8464653895815828,0.8459991958182549
transformer,0.8572577402492964,0.8817697722839423,0.8572577402492964,0.8572695321472052,0.8572577402492964,0.858431135478879,0.8572577402492964
