model,accuracy,precision (macro),precision (micro),recall (macro),recall (micro),F1 (macro),F1 (micro)
resnet,0.013592812635432735,0.010881788672394789,0.013592812635432735,0.013632332261150114,0.013592812635432735,0.012577509598079293,0.01359281263543271
resnet_modified,0.015259547272991595,0.007813145654034749,0.015259547272991595,0.015319511368019062,0.015259547272991595,0.01427438991510184,0.015259547272991595
effnet,0.015934978465943994,0.011895562529053917,0.015934978465943994,0.01603908568373571,0.015934978465943994,0.01444605170241164,0.01593497846594401
transformer,0.002859089478830907,0.005274572211838638,0.002859089478830907,0.002865956007009753,0.002859089478830907,0.002854277768173198,0.002859089478830907
