model,accuracy,precision (macro),precision (micro),recall (macro),recall (micro),F1 (macro),F1 (micro)
effnet,0.01359086315107803,0.010965364545199799,0.01359086315107803,0.013610110582734942,0.01359086315107803,0.012537327467929548,0.01359086315107803
resnet,0.0028597491346135802,0.005251353617172025,0.0028597491346135802,0.0028702267820493285,0.0028597491346135802,0.00279765466700532,0.0028597491346135802
resnet_modified,0.014206104404446718,0.007132790296661487,0.014206104404446718,0.014264658146520446,0.014206104404446718,0.01328574137245723,0.014206104404446718
transformer,0.014636328687737288,0.01114211095950426,0.014636328687737288,0.014735797640265771,0.014636328687737288,0.013241318388711787,0.014636328687737303
