model,accuracy,precision (macro),precision (micro),recall (macro),recall (micro),F1 (macro),F1 (micro)
resnet,0.8343385605146764,0.8539291542810514,0.8343385605146764,0.8343948775037938,0.8343385605146764,0.8386501921302102,0.8343385605146764
resnet_modified,0.9195818254925613,0.9252823107759052,0.9195818254925613,0.9197119243116434,0.9195818254925613,0.9201323103808103,0.9195818254925613
effnet,0.8435866505830317,0.8607200399717244,0.8435866505830317,0.8435371227630651,0.8435866505830317,0.8463027782298105,0.8435866505830317
transformer,0.8946521913952553,0.9235903150424096,0.8946521913952553,0.894567101905585,0.8946521913952553,0.8973019449047458,0.8946521913952553
