model,accuracy,precision (macro),precision (micro),recall (macro),recall (micro),F1 (macro),F1 (micro)
resnet,0.8644953759549658,0.8729439533373629,0.8644953759549658,0.8645881958744409,0.8644953759549658,0.8666460208438564,0.8644953759549657
resnet_modified,0.8765581021310817,0.9025644428298106,0.8765581021310817,0.876529883219354,0.8765581021310817,0.8798271459567649,0.8765581021310817
effnet,0.8821873743466023,0.8841074074481481,0.8821873743466023,0.8823643641455802,0.8821873743466023,0.8814899357537982,0.8821873743466023
transformer,0.8970647366304785,0.9197621457489878,0.8970647366304785,0.896985738980121,0.8970647366304785,0.8991645404051104,0.8970647366304785
